key,model,f1_score,accuracy,recall,precision
carla_fixed,XGBClassifier,0.5261354373470896,0.5264158450859897,0.5264158450859897,0.5258692549180152
carla_llm,XGBClassifier,0.5194390536550584,0.5201054713249835,0.5201054713249835,0.5287481027976826
sumo_llm,RFClassifier,0.48140273148213486,0.5219774580148194,0.5219774580148194,0.509650336409467
sumo_fixed,XGBClassifier,0.47254594910010395,0.49642063139172965,0.49642063139172965,0.49958993962219106
