key,model,f1_score_mean,f1_score_std,accuracy_mean,accuracy_std,recall_mean,recall_std,precision_mean,precision_std,params
sumo_fixed,XGBClassifier,0.47254594910010395,0.0,0.49642063139172965,0.0,0.49642063139172965,0.0,0.49958993962219106,0.0,"{'learning_rate': 0.001, 'max_depth': 10, 'n_estimators': 1000}"
sumo_llm,RFClassifier,0.48305491573328035,0.004303718626474998,0.5224515630804121,0.0018868079213732332,0.5224515630804121,0.0018868079213732332,0.5105231382912485,0.002848463191684503,"{'max_depth': 10, 'n_estimators': 50}"
carla_fixed,XGBClassifier,0.5261354373470896,0.0,0.5264158450859897,0.0,0.5264158450859897,0.0,0.5258692549180152,0.0,"{'learning_rate': 0.2, 'max_depth': 5, 'n_estimators': 700}"
carla_llm,XGBClassifier,0.5194390536550584,0.0,0.5201054713249835,0.0,0.5201054713249835,0.0,0.5287481027976826,0.0,"{'learning_rate': 0.3, 'max_depth': 5, 'n_estimators': 500}"
