key,model,f1_score_mean,f1_score_std,accuracy_mean,accuracy_std,recall_mean,recall_std,precision_mean,precision_std
sumo_fixed,XGBClassifier,0.47254594910010395,0.0,0.49642063139172965,0.0,0.49642063139172965,0.0,0.49958993962219106,0.0
sumo_llm,RFClassifier,0.48140273148213486,0.004443445572948191,0.5219774580148194,0.002545406283261929,0.5219774580148194,0.002545406283261929,0.509650336409467,0.0037771469305413535
carla_fixed,XGBClassifier,0.5261354373470896,0.0,0.5264158450859897,0.0,0.5264158450859897,0.0,0.5258692549180152,0.0
carla_llm,XGBClassifier,0.5194390536550584,0.0,0.5201054713249835,0.0,0.5201054713249835,0.0,0.5287481027976826,0.0
