key,f1_score,accuracy,recall,precision,model,params
carla_fixed,0.5261354373470896,0.5264158450859897,0.5264158450859897,0.5258692549180152,XGBClassifier,"{'learning_rate': 0.2, 'max_depth': 5, 'n_estimators': 700}"
carla_llm,0.5194390536550584,0.5201054713249835,0.5201054713249835,0.5287481027976826,XGBClassifier,"{'learning_rate': 0.3, 'max_depth': 5, 'n_estimators': 500}"
sumo_llm,0.48305491573328035,0.5224515630804121,0.5224515630804121,0.5105231382912485,RFClassifier,"{'max_depth': 10, 'n_estimators': 50}"
sumo_fixed,0.47254594910010395,0.49642063139172965,0.49642063139172965,0.49958993962219106,XGBClassifier,"{'learning_rate': 0.001, 'max_depth': 10, 'n_estimators': 1000}"
